centro,entrada_1,entrada_2,entrada_3,entrada_4,entrada_5
R1,18.501530311,60.4927224911,5.7717052626,3945.3481919708,64.0863150291
R2,35.471465122,64.2257123759,6.5919134091,6052.9343539008,91.919366454
